[
  {
    "value": "Quarter",
    "synonyms": [
      "Quarter",
      "last quarter",
      "previous quarter",
      "past quarter",
      "quarters",
      "Quareters"
    ]
  },
  {
    "value": "Last month",
    "synonyms": [
      "Last month",
      "past month",
      "last month",
      "previous months"
    ]
  },
  {
    "value": "Year",
    "synonyms": [
      "Year",
      "present year",
      "current year"
    ]
  },
  {
    "value": "Last Week",
    "synonyms": [
      "Last Week",
      "previous week",
      "last week",
      "past week"
    ]
  },
  {
    "value": "Last year",
    "synonyms": [
      "last year",
      "previous year",
      "past year"
    ]
  },
  {
    "value": "now",
    "synonyms": [
      "now"
    ]
  }
]