[
  {
    "id": "04a0632d-2056-4f83-87ad-bcf3fda7814a",
    "data": [
      {
        "text": "help me",
        "userDefined": false
      }
    ],
    "isTemplate": false,
    "count": 0,
    "updated": 1521720500
  },
  {
    "id": "bef47e6b-1153-4a65-bc91-076cf62eed75",
    "data": [
      {
        "text": "can you hlp me",
        "userDefined": false
      }
    ],
    "isTemplate": false,
    "count": 0,
    "updated": 1521720500
  },
  {
    "id": "74e9aaf1-65e1-4140-b504-ea39be6980ef",
    "data": [
      {
        "text": "what can you do",
        "userDefined": false
      }
    ],
    "isTemplate": false,
    "count": 0,
    "updated": 1521720500
  }
]