[
  {
    "id": "5c45200b-7a22-476e-a6e1-d1a1f2d03c02",
    "data": [
      {
        "text": "CPU",
        "alias": "CPU",
        "meta": "@CPU",
        "userDefined": true
      },
      {
        "text": " utilization in ",
        "userDefined": false
      },
      {
        "text": "last year",
        "alias": "Time-period",
        "meta": "@Time-period",
        "userDefined": true
      }
    ],
    "isTemplate": false,
    "count": 0,
    "updated": 1522420366
  },
  {
    "id": "14aef209-1a37-4067-bffb-868227a73aac",
    "data": [
      {
        "text": "show me the analytics of ",
        "userDefined": false
      },
      {
        "text": "processor",
        "alias": "CPU",
        "meta": "@CPU",
        "userDefined": true
      },
      {
        "text": " used in ",
        "userDefined": false
      },
      {
        "text": "previous year",
        "alias": "Time-period",
        "meta": "@Time-period",
        "userDefined": true
      }
    ],
    "isTemplate": false,
    "count": 0,
    "updated": 1522420366
  },
  {
    "id": "ddb3b71c-1b83-444a-bae4-7d091b2fce05",
    "data": [
      {
        "text": "cpu",
        "alias": "CPU",
        "meta": "@CPU",
        "userDefined": false
      },
      {
        "text": " utilization for ",
        "userDefined": false
      },
      {
        "text": "last quarter",
        "alias": "Time-period",
        "meta": "@Time-period",
        "userDefined": false
      }
    ],
    "isTemplate": false,
    "count": 0,
    "updated": 1522420366
  },
  {
    "id": "f1d3528d-4821-43d8-aed4-1a7ac9a213b6",
    "data": [
      {
        "text": "what is the ",
        "userDefined": false
      },
      {
        "text": "cpu",
        "alias": "CPU",
        "meta": "@CPU",
        "userDefined": true
      },
      {
        "text": " used in ",
        "userDefined": false
      },
      {
        "text": "last quarter",
        "alias": "Time-period",
        "meta": "@Time-period",
        "userDefined": true
      }
    ],
    "isTemplate": false,
    "count": 0,
    "updated": 1522420366
  }
]