[
  {
    "id": "4a6a6ec6-efa9-4905-8f8f-839217a36ea8",
    "data": [
      {
        "text": "Hello",
        "userDefined": false
      }
    ],
    "isTemplate": false,
    "count": 0
  },
  {
    "id": "51148495-9ce5-42bc-91de-b992651227ae",
    "data": [
      {
        "text": "Hai",
        "userDefined": false
      }
    ],
    "isTemplate": false,
    "count": 0
  },
  {
    "id": "d18da2fb-7f5c-4803-9736-a2219eabdb8e",
    "data": [
      {
        "text": "Hey",
        "userDefined": false
      }
    ],
    "isTemplate": false,
    "count": 0
  },
  {
    "id": "6a996455-d65b-4103-8ac3-27c291bff6a4",
    "data": [
      {
        "text": "Good Morning",
        "userDefined": false
      }
    ],
    "isTemplate": false,
    "count": 0
  },
  {
    "id": "4dc0347f-c27d-45b7-a943-486b1e425750",
    "data": [
      {
        "text": "Howdy",
        "userDefined": false
      }
    ],
    "isTemplate": false,
    "count": 0
  },
  {
    "id": "4e958f84-4848-4c22-830d-5d28f7d7ebd5",
    "data": [
      {
        "text": "Hi",
        "userDefined": false
      }
    ],
    "isTemplate": false,
    "count": 0
  },
  {
    "id": "1b2e7a03-0aa8-46fa-8061-6b0ae077a45a",
    "data": [
      {
        "text": "Hola",
        "userDefined": false
      }
    ],
    "isTemplate": false,
    "count": 0
  }
]