[
  {
    "id": "c5b0ea80-3cb7-4c92-9d73-ca5e69c5ec10",
    "data": [
      {
        "text": "Thank you",
        "userDefined": false
      }
    ],
    "isTemplate": false,
    "count": 0,
    "updated": 1522055737
  },
  {
    "id": "91280522-79cd-46e1-9e7f-713fbf84b9cf",
    "data": [
      {
        "text": "bye bye",
        "userDefined": false
      }
    ],
    "isTemplate": false,
    "count": 0,
    "updated": 1522055737
  },
  {
    "id": "503313dd-a7fc-42eb-b495-86e88375e014",
    "data": [
      {
        "text": "See you",
        "userDefined": false
      }
    ],
    "isTemplate": false,
    "count": 0,
    "updated": 1522055737
  },
  {
    "id": "cd07fa22-91b7-4cca-92c9-85dab44e80ae",
    "data": [
      {
        "text": "c u",
        "userDefined": false
      }
    ],
    "isTemplate": false,
    "count": 0,
    "updated": 1522055737
  },
  {
    "id": "51c14a5f-3c02-4785-b9bc-cb420f83a0a9",
    "data": [
      {
        "text": "Okay thank you",
        "userDefined": false
      }
    ],
    "isTemplate": false,
    "count": 0,
    "updated": 1522055737
  },
  {
    "id": "8a6ec49b-75e1-4f95-81c4-166bfc9bf3b9",
    "data": [
      {
        "text": "Okay",
        "userDefined": false
      }
    ],
    "isTemplate": false,
    "count": 0,
    "updated": 1522055737
  },
  {
    "id": "a4a3acc6-9c4f-4a5a-b6cb-f74e797fea1d",
    "data": [
      {
        "text": "byee!",
        "userDefined": false
      }
    ],
    "isTemplate": false,
    "count": 0,
    "updated": 1522055737
  },
  {
    "id": "8eda9349-14b4-41a5-a913-980e0cb85330",
    "data": [
      {
        "text": "Adios",
        "userDefined": false
      }
    ],
    "isTemplate": false,
    "count": 0,
    "updated": 1522055737
  }
]