[
  {
    "id": "c451d9a5-c9e2-4fbd-b7e7-d9e15c449650",
    "data": [
      {
        "text": "RAM",
        "alias": "RAM",
        "meta": "@RAM",
        "userDefined": false
      },
      {
        "text": " Utilization",
        "userDefined": false
      }
    ],
    "isTemplate": false,
    "count": 0,
    "updated": 1524668710
  },
  {
    "id": "b6a120d0-a10e-4c68-a7c2-696e0fc90ab9",
    "data": [
      {
        "text": "Can you share ",
        "userDefined": false
      },
      {
        "text": "ram",
        "alias": "RAM",
        "meta": "@RAM",
        "userDefined": false
      },
      {
        "text": " utilization of ",
        "userDefined": false
      },
      {
        "text": "past week",
        "alias": "Time-period",
        "meta": "@Time-period",
        "userDefined": true
      }
    ],
    "isTemplate": false,
    "count": 0,
    "updated": 1524668710
  },
  {
    "id": "2a29a69f-24d3-4b21-8a85-f63c73b73340",
    "data": [
      {
        "text": "how much ",
        "userDefined": false
      },
      {
        "text": "ram",
        "alias": "RAM",
        "meta": "@RAM",
        "userDefined": false
      },
      {
        "text": " used in ",
        "userDefined": false
      },
      {
        "text": "last year",
        "alias": "Time-period",
        "meta": "@Time-period",
        "userDefined": true
      }
    ],
    "isTemplate": false,
    "count": 0,
    "updated": 1524668710
  },
  {
    "id": "be86269e-efcb-4edd-9e4c-363dffb3154f",
    "data": [
      {
        "text": "ram",
        "alias": "RAM",
        "meta": "@RAM",
        "userDefined": false
      },
      {
        "text": " utilization over ",
        "userDefined": false
      },
      {
        "text": "last week",
        "alias": "Time-period",
        "meta": "@Time-period",
        "userDefined": true
      }
    ],
    "isTemplate": false,
    "count": 0,
    "updated": 1524668710
  },
  {
    "id": "e6fee4e1-add8-445d-84e7-38b96347ea18",
    "data": [
      {
        "text": "Ram",
        "alias": "RAM",
        "meta": "@RAM",
        "userDefined": false
      },
      {
        "text": " usage over ",
        "userDefined": false
      },
      {
        "text": "previous year",
        "alias": "Time-period",
        "meta": "@Time-period",
        "userDefined": true
      }
    ],
    "isTemplate": false,
    "count": 0,
    "updated": 1524668710
  },
  {
    "id": "cf08a981-2469-48ba-8a54-725ab0e5e486",
    "data": [
      {
        "text": "What is the ",
        "userDefined": false
      },
      {
        "text": "ram",
        "alias": "RAM",
        "meta": "@RAM",
        "userDefined": false
      },
      {
        "text": " utilized in ",
        "userDefined": false
      },
      {
        "text": "past year",
        "meta": "@sys.ignore",
        "userDefined": true
      }
    ],
    "isTemplate": false,
    "count": 0,
    "updated": 1524668710
  }
]