[
  {
    "id": "813d0ca5-efa1-4cbb-a806-b21763333f5e",
    "data": [
      {
        "text": "Percentage on running ",
        "userDefined": false
      },
      {
        "text": "process id",
        "alias": "process",
        "meta": "@process",
        "userDefined": false
      }
    ],
    "isTemplate": false,
    "count": 0,
    "updated": 1524658961
  },
  {
    "id": "fb5e3893-b159-4636-a455-5cbbe82d7587",
    "data": [
      {
        "text": "process ID",
        "alias": "process",
        "meta": "@process",
        "userDefined": false
      },
      {
        "text": " for ",
        "userDefined": false
      },
      {
        "text": "last week",
        "alias": "Time-period",
        "meta": "@Time-period",
        "userDefined": false
      }
    ],
    "isTemplate": false,
    "count": 0,
    "updated": 1524658961
  },
  {
    "id": "709ca9ae-e44a-48ce-b0ba-fc4625ec3577",
    "data": [
      {
        "text": "show me the ",
        "userDefined": false
      },
      {
        "text": "processes",
        "alias": "process",
        "meta": "@process",
        "userDefined": false
      },
      {
        "text": " running in ",
        "userDefined": false
      },
      {
        "text": "last week",
        "alias": "Time-period",
        "meta": "@Time-period",
        "userDefined": true
      }
    ],
    "isTemplate": false,
    "count": 0,
    "updated": 1524658961
  },
  {
    "id": "5b73f08c-3987-4343-9a45-6493b6974c40",
    "data": [
      {
        "text": "running ",
        "userDefined": false
      },
      {
        "text": "processes",
        "alias": "process",
        "meta": "@process",
        "userDefined": false
      },
      {
        "text": " over ",
        "userDefined": false
      },
      {
        "text": "last week",
        "alias": "Time-period",
        "meta": "@Time-period",
        "userDefined": true
      }
    ],
    "isTemplate": false,
    "count": 0,
    "updated": 1524658961
  },
  {
    "id": "637010cb-656b-4321-8865-3399d8746770",
    "data": [
      {
        "text": "how many ",
        "userDefined": false
      },
      {
        "text": "processes",
        "alias": "process",
        "meta": "@process",
        "userDefined": false
      },
      {
        "text": " had ran in ",
        "userDefined": false
      },
      {
        "text": "last week",
        "alias": "Time-period",
        "meta": "@Time-period",
        "userDefined": true
      }
    ],
    "isTemplate": false,
    "count": 0,
    "updated": 1524658961
  }
]